id;prioridade;categoria;nome_db;case_style;ativo;itens_coleta;coletas;plano_itens;planos;clientes_ativos;planos_nomes;acao_sugerida;problema;sugestao_csv
82;urgente;servico_nao_residuo;"LOCAÇÃO BANHEIRO CONTAINER";MAIUSCULO;1;0;0;0;0;0;;excluir;"Não é resíduo — é serviço de locação";"Desativar no catálogo ou excluir de tipos usados em coleta/MTR"
83;urgente;servico_nao_residuo;"LOCAÇÃO CONTAINER";MAIUSCULO;1;0;0;0;0;0;;excluir;"Não é resíduo — é serviço de locação";"Desativar no catálogo ou excluir de tipos usados em coleta/MTR"
84;urgente;servico_nao_residuo;"LOCAÇÃO CAÇAMBA 5M³";MAIUSCULO;1;0;0;0;0;0;;excluir;"Não é resíduo — é serviço de locação";"Desativar no catálogo ou excluir de tipos usados em coleta/MTR"
85;urgente;servico_nao_residuo;"LOCAÇÃO CAÇAMBA 27M³";MAIUSCULO;1;0;0;0;0;0;;excluir;"Não é resíduo — é serviço de locação";"Desativar no catálogo ou excluir de tipos usados em coleta/MTR"
66;urgente;servico_nao_residuo;"LOCAÇÃO DE BANHEIRO";MAIUSCULO;1;0;0;0;0;0;;excluir;"Serviço de locação; IBAMA inválido/inexistente no SINIR";"Desativar — não usar em manifesto"
58;urgente;servico_nao_residuo;"LIMPEZA DE BANHEIROS QUÍMICOS";MAIUSCULO;1;5;5;0;0;0;;revisar_uso_indevido;"Nome indica serviço de limpeza; IBAMA genérico de limpeza urbana";"Confirmar se é resíduo coletado ou serviço — se serviço, desativar"
43;urgente;registro_teste;teste;minusculo;1;5;5;0;0;0;;revisar_uso_indevido;"Registro de teste no catálogo produtivo";Desativar
73;urgente;tecnologia;"EMBALAGENS AGROTOXICOS E AFINS (agroquímicos) ";Title/misto;1;0;0;0;0;0;;desativar_ou_excluir;"Tecnologia=Reciclagem (43) inaceitável para agrotóxico";"tra=73 (Incineração) ou tra=25 (Autoclave); cla=1 OK"
39;alta;ibama;"Filtros Papel";Title/misto;1;21;21;3;3;55;"C I - Postos | C I - ZANETTI  | RETÍFICA";corrigir_campos;"Código IBAMA não existe na lista SINIR";"cod_ibama=15.02.02 (*) se contaminado; ou 15.02.03 se não perigoso"
81;baixa;revisar;"EMBALAGEM CONTAMINADA ";MAIUSCULO;1;0;0;0;0;0;;desativar_ou_excluir;"Possível duplicata de #47 com IBAMA errado";"Unificar ou corrigir IBAMA (ver também linha alta ibama #81)"
33;alta;ibama;"PILHAS E BATERIAS";MAIUSCULO;1;126;126;1;1;4;"Plano 3 - C II B";corrigir_campos;"IBAMA aponta para medicamentos, não pilhas";"cod_ibama=20.01.33 (*) ou 16.06.01 (*) conforme tipo; tra=73; cla=1"
69;media;acondicionamento;"ÓLEO USADO";MAIUSCULO;1;29;26;0;0;0;;corrigir_campos;"Granel inadequado para óleo";"tia=9 (Tambor) ou tia=11 (Tanque) — após corrigir IBAMA"
29;alta;ibama;"Resíduo Equipamentos Eletrônicos ";Title/misto;1;149;148;5;5;18;"C I - Eletrônico | CII + Elet | Plano 3 - C II B | Plano C II B + Elet | RESÍDUOS ELETRÔNICOS";corrigir_campos;"IBAMA muito específico (CFC); inadequado para REE genérico";"cod_ibama=20.01.35 (*) REE ou 16.02.14 equip. fora de uso; tra=43 ou 28 (desmontagem)"
70;alta;ibama;SACARIAS;MAIUSCULO;1;45;44;0;0;0;;corrigir_campos;"Sacaria pode ser plástica ou de papel — IBAMA genérico";"Confirmar material: 16.01.19 (plástico) ou 19.12.01 (papel)"
16;alta;classe_rss;"RESÍDUO SÓLIDO DO SERVIÇO DE SAÚDE";MAIUSCULO;1;1150;1142;0;0;0;;corrigir_campos;"Classe SINIR genérica (1=Classe I); descrição indica Grupo A1 RSS";"cla=21 (Grupo A1 RSS); manter tra=73 ou tra=25"
17;alta;classe_rss;"MATERIAIS PERFUROCORTANTES OU ESCARIFICANTES";MAIUSCULO;1;693;690;3;3;94;"RSSS  | RSSS - Vacinas | RSSS Clínica Silvestre";corrigir_campos;"Classe genérica Classe I; descrição indica Grupo E RSS";"cla=35 (Grupo E RSS); tra=73 ou tra=25 (Autoclave)"
18;alta;classe_rss;"MEDICAMENTO VENCIDOS";MAIUSCULO;1;212;212;3;3;94;"RSSS  | RSSS - Vacinas | RSSS Clínica Silvestre";corrigir_campos;"Classe genérica Classe I; descrição indica Grupo B RSS";"cla=32 (Grupo B RSS); tra=73"
49;alta;classe_rss;"Carcaças, peças anatômicas, vísceras e outros resí";Title/misto;1;87;87;0;0;0;;corrigir_campos;"Classe genérica Classe I; descrição indica Grupo A4 RSS";"cla=24 (Grupo A4 RSS); tra=73"
74;alta;classe_rcc;"RESÍDUOS DE CONSTRUCAO CIVIL";MAIUSCULO;1;2;2;0;0;0;;corrigir_campos;"Classe II A (43) e Reciclagem inadequados para RCC";"cla=11 (Classe A RCC); tra=51 (Aterro Reservação RCC)"
54;alta;tecnologia;"RESÍDUOS BIODEGRADÁVEIS DE COZINHA E CANTINAS";MAIUSCULO;1;125;125;0;0;0;;corrigir_campos;"Reciclagem inadequada para orgânicos";"tra=50 (Compostagem) ou tra=27 (Biodigestão)"
80;alta;tecnologia;"LODOS DE FOSSAS SÉPTICAS";MAIUSCULO;1;0;0;0;0;0;;desativar_ou_excluir;"Reciclagem inadequada para lodo";"tra=17 (Aterro II A/IIB) ou tratamento de lodo — confirmar destinador"
79;alta;tecnologia;"LODOS DE TRATAMENTO DE EFLUENTEURBANOS";MAIUSCULO;1;2;2;0;0;0;;corrigir_campos;"Reciclagem inadequada para lodo";"tra=17 (Aterro II) ou coprocessamento — confirmar destinador"
65;alta;tecnologia;"LIMPEZA DE CAIXA DE GORDURA";MAIUSCULO;1;2;2;0;0;0;;corrigir_campos;"Reciclagem inadequada para gordura/lodo de caixa";"tra=50 (Compostagem) ou tra=60 (Coprocessamento); tia=21 OK"
55;media;estado_fisico;"Misturas de gorduras e óleos, da separação óleo/ág";Title/misto;1;0;0;0;0;0;;desativar_ou_excluir;"Estado Líquido pode estar OK; confirmar se pastoso";"Se pastoso: tie=1 (Semissólido)"
48;media;tecnologia;"MASSA DE GORDURA E CINZAS - Materiais impróprios p";Title/misto;1;31;29;0;0;0;;corrigir_campos;"Reciclagem questionável para gordura/cinzas";"tra=50 (Compostagem) ou tra=73 — confirmar processo Well"
75;media;tecnologia;"Resíduos da indústria de lacticínios: MATERIAIS IM";Title/misto;1;14;14;0;0;0;;corrigir_campos;"Reciclagem questionável";"tra=50 ou tra=27 — confirmar destinador"
67;media;tecnologia;"EQUIPAMENTOS FORA DE USO";MAIUSCULO;1;19;19;0;0;0;;corrigir_campos;"Reciclagem pode ser OK; alternativa desmontagem";"tra=43 OK ou tra=28 (Desmontagem) se aplicável"
59;media;classe;"LIMPEZA DE CAIXA SAO";MAIUSCULO;1;2;2;0;0;0;;corrigir_campos;"Classe I (1) provavelmente errada para resíduo urbano";"cla=43 (Classe II A) ou cla=2 (Outros); confirmar natureza"
35;media;estado_fisico;"ESTOPAS CONTAMINADOS POR ÓLEO";MAIUSCULO;1;551;546;6;6;72;"C I - Postos | C I - ZANETTI  | Grupo G3 | OFICINAS DE MOTO | Plano Reciclável e Contaminados | RETÍFICA";corrigir_campos;"Estado=Líquido (2) incorreto — estopa é sólida";"tie=4 (Sólido); tra=73 OK; cla=1 OK"
76;media;estado_fisico;"DRENAGEM DE EFLUENTES";MAIUSCULO;1;0;0;0;0;0;;desativar_ou_excluir;"Estado=Sólido (4) para efluente líquido";"tie=2 (Líquido)"
22;media;acondicionamento;"PNEU MOTO";MAIUSCULO;1;536;534;1;1;5;"Plano Reciclável e Contaminados";corrigir_campos;"Granel (8) inadequado para pneus";"tia=13 (Outros) — confirmar no portal MTR"
26;media;acondicionamento;"PNEU TRATOR";MAIUSCULO;1;32;32;0;0;0;;corrigir_campos;"Granel inadequado";"tia=13 (Outros)"
50;media;acondicionamento;"PNEUS AERONAUTICOS";MAIUSCULO;1;1;1;0;0;0;;corrigir_campos;"Granel inadequado";"tia=13 (Outros)"
51;media;acondicionamento;"PNEUS AUTOMÓVEIS";MAIUSCULO;1;395;391;0;0;0;;corrigir_campos;"Granel inadequado";"tia=13 (Outros)"
52;media;acondicionamento;"PNEUS BICICLETAS";MAIUSCULO;1;0;0;0;0;0;;desativar_ou_excluir;"Granel inadequado";"tia=13 (Outros)"
57;media;acondicionamento;"PNEUS CAMINHÕES";MAIUSCULO;1;189;189;0;0;0;;corrigir_campos;"Granel inadequado";"tia=13 (Outros)"
53;media;acondicionamento;"PNEUS ONIBUS";MAIUSCULO;1;51;47;0;0;0;;corrigir_campos;"Granel inadequado";"tia=13 (Outros)"
36;media;acondicionamento;"Vasilhames Contaminado por Óleo ";Title/misto;1;873;842;6;6;72;"C I - Postos | C I - ZANETTI  | Grupo G3 | OFICINAS DE MOTO | Plano Reciclável e Contaminados | RETÍFICA";corrigir_campos;"Granel inadequado para vasilhame/tambor";"tia=9 (Tambor) ou tia=11 (Tanque)"
38;media;acondicionamento;"FILTROS CONTAMINADO POR ÓLEO";MAIUSCULO;1;604;600;5;5;67;"C I - Postos | C I - ZANETTI  | Grupo G3 | Plano Reciclável e Contaminados | RETÍFICA";corrigir_campos;"Granel para filtros — caixa/saco seria melhor";"tia=21 (Caixa) ou tia=2 (Saco plástico)"
19;baixa;acondicionamento;PAPEL;MAIUSCULO;1;1093;1077;7;7;21;"LOJAS | OFICINAS DE MOTO | Plano 1 - C II B | Plano 2 - C II B | Plano 3 - C II B | Plano C II B + Elet | SUPERMERCADOS";corrigir_campos;"Granel OK se a granel; se fardos na prática";"tia=24 (Fardo) ou tia=26 (Big Bag) se aplicável"
42;baixa;acondicionamento;PAPELÃO;MAIUSCULO;1;3318;3307;3;3;47;"LOJAS | RECICLÁVEIS | SUPERMERCADOS";corrigir_campos;"Granel OK; se coleta em big bag";"tia=26 (Big Bag)"
64;baixa;acondicionamento;"RESÍDUOS DE TRIAGEM DE PAPEL E PAPELÃO DESTINADO A";MAIUSCULO;1;381;381;0;0;0;;corrigir_campos;"Idem papelão";"tia=26 (Big Bag) se coleta em big bag"
63;baixa;acondicionamento;"SACOS DE CIMENTO - RESÍDUOS DE CIMENTO";MAIUSCULO;1;16;16;0;0;0;;corrigir_campos;"tia=2 (Saco plástico) parece correto";"Confirmar na operação"
32;baixa;tecnologia;"Lâmpadas Fluorescentes G (maior que 1.20mt)";Title/misto;1;5;5;3;3;16;"C I - Eletrônico | Plano 3 - C II B | Plano C II B + Elet";corrigir_campos;"Incineração OK; alternativa específica";"tra=24 (Descontaminação de Lâmpadas) se destinador usar"
31;baixa;tecnologia;"Lâmpadas Fluorescentes M (até 1.20mt)";Title/misto;1;6;6;4;4;17;"C I - Eletrônico | CII + Elet | Plano 3 - C II B | Plano C II B + Elet";corrigir_campos;"Idem lâmpadas G";"tra=24 se processo Well for descontaminação"
30;baixa;tecnologia;"Lâmpadas Fluorescentes P ";Title/misto;1;7;7;3;3;16;"C I - Eletrônico | Plano 3 - C II B | Plano C II B + Elet";corrigir_campos;Idem;"tra=24 se aplicável"
78;baixa;revisar;"OUTROS RESÍDUOS URBANOS E EQUIPARADOS INCLUINDO MI";MAIUSCULO;1;2;2;0;0;0;;corrigir_campos;"Código catch-all — revisar se tipos específicos cobrem";"Manter só se necessário; preferir tipos específicos"
68;baixa;revisar;"RESÍDUOS CONTAMINADOS";MAIUSCULO;1;1464;1461;0;0;0;;corrigir_campos;"Nome genérico — difícil auditar no MTR";"Especificar tipo (estopa, filtro, embalagem) nos planos/coletas"
47;baixa;revisar;"Embalagem contaminados por resíduos perigosos";Title/misto;1;39;39;0;0;0;;corrigir_campos;"Parece correto";"Confirmar duplicata com #81 e #36 — evitar overlap confuso"
