id;nome;cod_ibama_atual;cod_ibama_novo;ibama_descricao;tra_codigo;tie_codigo;tia_codigo;cla_codigo;uni_codigo;status;notes
56;"ÁGUA COM ÓLEO proveniente dos separadores óleo/águ";13.05.07;13.05.07;"Água com óleo proveniente dos separadores óleo/água";73;2;8;1;2;ok;
28;BORRACHA;19.12.11;19.12.11;Borrachas;43;4;8;43;2;ok;
49;"Carcaças, peças anatômicas, vísceras e outros resí";18.01.13;18.01.13;"Carcaças, peças anatômicas, vísceras e outros resíduos provenientes de animais não submetidos a processos de experimentação com inoculação de micro-organismos, bem como suas forrações (Grupo A4 conforme ANVISA RDC 222/2018)";73;4;8;1;2;ok;
41;"COBRE SUJO";17.04.01;17.04.01;"Cobre, bronze e latão (Classe B conforme Resolução CONAMA 307/02)";43;4;8;43;2;ok;
76;"DRENAGEM DE EFLUENTES";13.05.07;13.05.07;"Água com óleo proveniente dos separadores óleo/água";73;4;8;1;2;ok;
81;"EMBALAGEM CONTAMINADA ";06.03.13;06.03.13;"Sais no estado sólido e em soluções contendo metais pesados";73;4;8;1;2;ok;
47;"Embalagem contaminados por resíduos perigosos";15.01.10;15.01.10;"Embalagens de qualquer um dos tipos acima descritos contendo ou contaminadas por resíduos de substâncias perigosas";73;4;8;1;2;ok;
73;"EMBALAGENS AGROTOXICOS E AFINS (agroquímicos) ";02.01.09;02.01.09;"Resíduos agrotóxicos e afins (agroquímicos) não abrangidos em 02 01 08 (*)";43;4;8;1;2;ok;
71;"EMBALAGENS DE PLASTICO";15.01.02;15.01.02;"Embalagens de plástico";43;4;8;43;2;ok;
67;"EQUIPAMENTOS FORA DE USO";16.02.14;16.02.14;"Equipamento fora de uso não abrangidos em 16 02 09 (*) a 16 02 13 (*)";43;4;8;43;2;ok;
35;"ESTOPAS CONTAMINADOS POR ÓLEO";15.02.03;15.02.03;"Absorventes, materiais filtrantes, panos de limpeza e vestuário de proteção não abrangidos em 15 02 02 (*)";43;2;8;1;2;ok;
60;FERRO;16.01.17;16.01.17;"Sucatas metálicas ferrosas";43;4;8;43;2;ok;
38;"FILTROS CONTAMINADO POR ÓLEO";15.02.02;15.02.02;"Absorventes, materiais filtrantes (incluindo filtros de óleo não anteriormente especificados), panos de limpeza e vestuário de proteção, contaminados por substâncias perigosas";73;2;8;1;2;ok;
39;"Filtros Papel";15.02.00;15.02.00;;43;4;8;43;2;ok;"cod_ibama não encontrado na lista SINIR"
32;"Lâmpadas Fluorescentes G (maior que 1.20mt)";20.01.21;20.01.21;"Lâmpadas fluorescentes, de vapor de sódio e mercúrio e de luz mista";73;4;8;1;2;ok;
31;"Lâmpadas Fluorescentes M (até 1.20mt)";20.01.21;20.01.21;"Lâmpadas fluorescentes, de vapor de sódio e mercúrio e de luz mista";73;4;8;1;2;ok;
30;"Lâmpadas Fluorescentes P ";20.01.21;20.01.21;"Lâmpadas fluorescentes, de vapor de sódio e mercúrio e de luz mista";73;4;8;1;2;ok;
58;"LIMPEZA DE BANHEIROS QUÍMICOS";20.02.01;20.02.01;"Resíduos de varrição,  limpeza de logradouros e vias públicas e outros serviços de limpeza urbana biodegradáveis";43;4;8;43;2;ok;
65;"LIMPEZA DE CAIXA DE GORDURA";20.01.08;20.01.08;"Resíduos biodegradáveis de cozinha e cantinas";43;4;21;43;2;ok;
59;"LIMPEZA DE CAIXA SAO";20.03.99;20.03.99;"Resíduos urbanos e equiparados não anteriormente especificados";43;4;21;1;2;ok;
82;"LOCAÇÃO BANHEIRO CONTAINER";;;;43;4;8;43;2;ok;
85;"LOCAÇÃO CAÇAMBA 27M³";;;;43;4;8;43;2;ok;
84;"LOCAÇÃO CAÇAMBA 5M³";;;;43;4;8;43;2;ok;
83;"LOCAÇÃO CONTAINER";;;;43;4;8;43;2;ok;
66;"LOCAÇÃO DE BANHEIRO";00.00.01;00.00.01;;43;4;8;43;2;ok;"cod_ibama não encontrado na lista SINIR"
80;"LODOS DE FOSSAS SÉPTICAS";20.03.04;20.03.04;"Lodos de fossas sépticas";43;4;8;43;2;ok;
79;"LODOS DE TRATAMENTO DE EFLUENTEURBANOS";19.08.05;19.08.05;"Lodos de tratamento de efluentes urbanos";43;4;8;43;2;ok;
27;MADEIRA;17.02.01;17.02.01;"Madeira (Classe B conforme Resolução CONAMA 307/02)";43;4;8;43;2;ok;
48;"MASSA DE GORDURA E CINZAS - Materiais impróprios p";02.05.01;02.05.01;"Materiais impróprios para consumo ou processamento";43;4;8;43;2;ok;
17;"MATERIAIS PERFUROCORTANTES OU ESCARIFICANTES";18.04.01;18.04.01;"Materiais perfurocortantes ou escarificantes, tais como: lâminas de barbear, agulhas, escalpes, ampolas de vidro, brocas, limas endodônticas, pontas diamantadas, lâminas de bisturi, lancetas, tubos capilares; micropipetas; lâminas e lamínulas; espátulas; e todos os utensílios de vidro quebrados no laboratório (pipetas, tubos de coleta sanguínea e placas de Petri) e outras similares (Grupo E conforme ANVISA RDC 222/2018)";73;4;8;1;2;ok;
18;"MEDICAMENTO VENCIDOS";18.02.01;18.02.01;"Produtos hormonais e produtos antimicrobianos; citostáticos; antineoplásicos - imunossupressores; digitálicos; imunomoduladores; anti-retrovirais, quando descartados por serviço de saúde, farmácias, drogarias e distribuidores de medicamentos ou apreendidos e os resíduos e insumos farmacêuticos dos medicamentos sujeitos a controle especial (Grupo B conforme ANVISA RDC 222/2018)";73;4;8;1;2;ok;
34;METAL;20.01.40;20.01.40;Metais;43;4;8;43;2;ok;
55;"Misturas de gorduras e óleos, da separação óleo/ág";19.08.09;19.08.09;"Misturas de gorduras e óleos, da separação água/óleo, contendo apenas óleos e gorduras alimentares";43;2;8;43;2;ok;
69;"ÓLEO USADO";13.07.01;13.07.01;"Fuelóleo e óleo diesel";73;2;8;1;2;ok;
78;"OUTROS RESÍDUOS URBANOS E EQUIPARADOS INCLUINDO MI";20.03.01;20.03.01;"Outros resíduos urbanos e equiparados, incluindo misturas de resíduos";43;4;8;43;2;ok;
19;PAPEL;19.12.01;19.12.01;"Papel e cartão";43;4;8;43;2;ok;
62;"PAPEL CONTAMINADO";15.02.02;15.02.02;"Absorventes, materiais filtrantes (incluindo filtros de óleo não anteriormente especificados), panos de limpeza e vestuário de proteção, contaminados por substâncias perigosas";73;4;8;1;2;ok;
42;PAPELÃO;03.03.08;03.03.08;"Resíduos de triagem de papel e papelão destinado a reciclagem";43;4;8;43;2;ok;
33;"PILHAS E BATERIAS";20.01.32;20.01.32;"Medicamentos não abrangidos em 20 01 31 (*) - (B conforme ANVISA RDC 222/2018)";43;4;8;1;2;ok;
20;PLÁSTICO;16.01.19;16.01.19;Plástico;43;4;8;43;2;ok;
22;"PNEU MOTO";16.01.27;16.01.27;"Pneus inservíveis/usados de motocicletas";43;4;8;43;2;ok;
26;"PNEU TRATOR";16.01.28;16.01.28;"Pneus inservíveis/usados de tratores";43;4;8;43;2;ok;
50;"PNEUS AERONAUTICOS";16.01.23;16.01.23;"Pneus inservíveis/usados aeronáuticos";43;4;8;43;2;ok;
51;"PNEUS AUTOMÓVEIS";16.01.24;16.01.24;"Pneus inservíveis/usados de automóveis";43;4;8;43;2;ok;
52;"PNEUS BICICLETAS";16.01.25;16.01.25;"Pneus inservíveis/usados de bicicletas";43;4;8;43;2;ok;
57;"PNEUS CAMINHÕES";16.01.26;16.01.26;"Pneus inservíveis/usados de caminhões e ônibus";43;4;8;43;2;ok;
53;"PNEUS ONIBUS";16.01.26;16.01.26;"Pneus inservíveis/usados de caminhões e ônibus";43;4;8;43;2;ok;
61;"PÓ DE SERRA CONTAMINADO";15.02.02;15.02.02;"Absorventes, materiais filtrantes (incluindo filtros de óleo não anteriormente especificados), panos de limpeza e vestuário de proteção, contaminados por substâncias perigosas";73;4;8;1;2;ok;
77;"PRODUTOS QUÍMICOS DE LABORATÓRIO CONTENDO OU COMPO";16.05.06;16.05.06;"Produtos químicos de laboratório contendo ou compostos por substâncias perigosas, incluindo misturas de produtos químicos de laboratório";73;4;8;1;2;ok;
29;"Resíduo Equipamentos Eletrônicos ";20.01.23;20.01.23;"Produtos eletroeletrônicos fora de uso contendo clorofluorcarbonetos";73;4;8;1;2;ok;
16;"RESÍDUO SÓLIDO DO SERVIÇO DE SAÚDE";18.01.01;18.01.01;"Culturas e estoques de micro-organismos; resíduos de fabricação de produtos biológicos, exceto os hemoderivados; descarte de vacinas de micro-organismos vivos ou atenuados; meios de cultura e instrumentos utilizados para transferência, inoculação ou mistura de culturas; resíduos de laboratório de manipulação genética  (Grupo A1 conforme ANVISA RDC 222/2018)";73;4;8;1;2;ok;
54;"RESÍDUOS BIODEGRADÁVEIS DE COZINHA E CANTINAS";20.01.08;20.01.08;"Resíduos biodegradáveis de cozinha e cantinas";43;4;8;43;2;ok;
68;"RESÍDUOS CONTAMINADOS";15.02.02;15.02.02;"Absorventes, materiais filtrantes (incluindo filtros de óleo não anteriormente especificados), panos de limpeza e vestuário de proteção, contaminados por substâncias perigosas";73;4;8;1;2;ok;
75;"Resíduos da indústria de lacticínios: MATERIAIS IM";02.05.01;02.05.01;"Materiais impróprios para consumo ou processamento";43;4;8;43;2;ok;
74;"RESÍDUOS DE CONSTRUCAO CIVIL";17.09.04;17.09.04;"Mistura de resíduos de construção e demolição não abrangidos em 17 09 01 (*), 17 09 02 (*) e 17 09 03 (*) - (Classe A conf. Resolução CONAMA 307/02)";43;4;8;43;2;ok;
64;"RESÍDUOS DE TRIAGEM DE PAPEL E PAPELÃO DESTINADO A";03.03.08;03.03.08;"Resíduos de triagem de papel e papelão destinado a reciclagem";43;4;8;43;2;ok;
87;"RETALHOS/PEDAÇOS DE MDF";03.01.05;03.01.05;"Serragem, aparas, fitas de aplainamento, madeira, aglomerados e folheados não abrangidos em 03 01 04 (*)";43;4;8;43;2;ok;
70;SACARIAS;16.01.19;16.01.19;Plástico;43;4;8;43;2;ok;
63;"SACOS DE CIMENTO - RESÍDUOS DE CIMENTO";17.01.01;17.01.01;"Resíduos de cimento";43;4;2;43;2;ok;
86;"SERRAGEM, APARAS, FITAS, APLAINAMENTO.";03.01.05;03.01.05;"Serragem, aparas, fitas de aplainamento, madeira, aglomerados e folheados não abrangidos em 03 01 04 (*)";43;4;8;43;2;ok;
44;"SUCATAS METÁLICAS";16.01.17;16.01.17;"Sucatas metálicas ferrosas";43;4;8;43;2;ok;
40;"Sucatas metálicas não ferrosa (Alumínio,cobre)";16.01.18;16.01.18;"Sucatas metálicas não ferrosas";43;4;8;43;2;ok;
37;"Terra Contaminada por Óleo ";13.05.08;13.05.08;"Misturas de resíduos provenientes de desarenadores e de separadores";73;2;8;1;2;ok;
43;teste;01.01.02;01.01.02;"Resíduos da Extração de Minérios Não Metálicos";43;4;8;43;2;ok;
45;"TONNER DE IMPRESSÃO G";08.03.17;08.03.17;"Resíduos de toner de impressão contendo substancias perigosas";73;4;8;1;2;ok;
46;"TONNER DE IMPRESSÃO P";08.03.17;08.03.17;"Resíduos de toner de impressão contendo substancias perigosas";73;4;8;1;2;ok;
36;"Vasilhames Contaminado por Óleo ";15.01.10;15.01.10;"Embalagens de qualquer um dos tipos acima descritos contendo ou contaminadas por resíduos de substâncias perigosas";73;2;8;1;2;ok;
21;VIDRO;16.01.20;16.01.20;Vidro;43;4;8;43;2;ok;
